lastName,firstName,email
MOURONVALLE,Vinciane,vincianne.mouronvalle@ynov.com
PILLET,Gabriel,gabriel.pillet@ynov.com
HMIDACH,Aniss,aniss.hmidach@ynov.com
DEMARET,Luc,luc.demaret@ynov.com
DEBIZE,Laurent,laurent.debize@ynov.com
GEVRIN,Gwenael,gwenael.gevrin@ynov.com
CANONNE,Olivier,olivier.canonne@ynov.com
TRUCHOT,Florian,florian.truchot@ynov.com
